Variable,Comparison,ChatGPT_Mean,ChatGPT_SD,Math2Visual_Mean,Math2Visual_SD,Mean_Difference,Diff_SD,Shapiro_W,Shapiro_p,Test_Used,Test_Statistic,p_value,Effect_Size,Effect_Size_Type,Bonferroni_alpha,Significant,Custom_Mean,Custom_SD
easy_to_use,ChatGPT vs Math2Visual,3.0,2.0,5.833333333333333,0.983192080250175,-2.8333333333333335,2.136976056643281,0.9674307797437719,0.8747528094592982,Paired t-test,-3.2476830595786983,0.022754308462562444,-1.5116329759274794,Hedges' g,0.001851851851851852,NOT significant,,
easy_to_use,ChatGPT vs Custom,3.0,2.0,,,-2.8333333333333335,1.6020819787597222,0.808711482242983,0.07029506461449471,Paired t-test,-4.332001127219818,0.0074852037366684694,-1.5764463960615434,Hedges' g,0.001851851851851852,NOT significant,5.833333333333333,0.752772652709081
easy_to_use,Math2Visual vs Custom,,,5.833333333333333,0.983192080250175,0.0,1.4142135623730951,0.981763087591828,0.9599784992359675,Paired t-test,0.0,1.0,0.0,Hedges' g,0.001851851851851852,NOT significant,5.833333333333333,0.752772652709081
intuitive,ChatGPT vs Math2Visual,2.3333333333333335,1.96638416050035,5.0,1.4142135623730951,-2.6666666666666665,2.6583202716502514,0.9212051275868156,0.5140827978790279,Paired t-test,-2.457180467335805,0.05742722438289933,-1.3090439232001192,Hedges' g,0.001851851851851852,NOT significant,,
intuitive,ChatGPT vs Custom,2.3333333333333335,1.96638416050035,,,-2.8333333333333335,2.926886855802026,0.94282648945546,0.6820463736252683,Paired t-test,-2.3711954987696005,0.06385795279249085,-1.47261651066054,Hedges' g,0.001851851851851852,NOT significant,5.166666666666667,1.169045194450012
intuitive,Math2Visual vs Custom,,,5.0,1.4142135623730951,-0.16666666666666666,2.041241452319315,0.8221205867347663,0.09205319643449318,Paired t-test,-0.19999999999999998,0.8493605139958289,-0.10800152387521246,Hedges' g,0.001851851851851852,NOT significant,5.166666666666667,1.169045194450012
time_lots,ChatGPT vs Math2Visual,6.333333333333333,1.2110601416389966,3.0,2.0,3.3333333333333335,2.4221202832779936,0.9066998456422513,0.41504353135769123,Paired t-test,3.3709993123162105,0.019868051523379407,1.6951129504751925,Hedges' g,0.001851851851851852,NOT significant,,
time_lots,ChatGPT vs Custom,6.333333333333333,1.2110601416389966,,,3.1666666666666665,2.3166067138525404,0.8255684093070219,0.09854591432846727,Paired t-test,3.3483100400386467,0.02036643584997087,1.712616682115448,Hedges' g,0.001851851851851852,NOT significant,3.1666666666666665,1.834847859269718
time_lots,Math2Visual vs Custom,,,3.0,2.0,-0.16666666666666666,3.710345895825168,0.8893275612014325,0.31467947337047764,Paired t-test,-0.11002971203391536,0.9166656508709522,-0.07301203164644196,Hedges' g,0.001851851851851852,NOT significant,3.1666666666666665,1.834847859269718
effort_lots,ChatGPT vs Math2Visual,6.0,2.0,2.3333333333333335,1.96638416050035,3.6666666666666665,2.160246899469287,0.8395332497710835,0.1292087024827338,Paired t-test,4.157609203101499,0.008844553648948778,1.5543801787024298,Hedges' g,0.001851851851851852,NOT significant,,
effort_lots,ChatGPT vs Custom,6.0,2.0,,,2.0,2.5298221281347035,0.8268240054800324,0.1010100642465468,Paired t-test,1.9364916731037087,0.1105666907312355,0.9399856029866251,Hedges' g,0.001851851851851852,NOT significant,4.0,1.5491933384829668
effort_lots,Math2Visual vs Custom,,,2.3333333333333335,1.96638416050035,-1.6666666666666667,2.160246899469287,0.8395332497710839,0.12920870248273492,Paired t-test,-1.889822365046136,0.1173867951462933,-0.7916106813300564,Hedges' g,0.001851851851851852,NOT significant,4.0,1.5491933384829668
iterative_support,ChatGPT vs Math2Visual,1.5,0.8366600265340756,4.5,2.258317958127243,-3.0,2.0976176963403033,0.8904140527875128,0.32036295268877535,Paired t-test,-3.5032452487268535,0.017224549680341372,-1.4811138776120294,Hedges' g,0.001851851851851852,NOT significant,,
iterative_support,ChatGPT vs Custom,1.5,0.8366600265340756,,,-3.3333333333333335,1.8618986725025255,0.9495690650734785,0.7367904974338337,Paired t-test,-4.3852900965351465,0.00711921655557201,-2.340837899175155,Hedges' g,0.001851851851851852,NOT significant,4.833333333333333,1.4719601443879746
iterative_support,Math2Visual vs Custom,,,4.5,2.258317958127243,-0.3333333333333333,3.5023801430836525,0.9316718396438162,0.593073277880509,Paired t-test,-0.23312620206007845,0.8249065272991709,-0.14702538288599615,Hedges' g,0.001851851851851852,NOT significant,4.833333333333333,1.4719601443879746
accuracy_support,ChatGPT vs Math2Visual,1.1666666666666667,0.408248290463863,5.333333333333333,1.505545305418162,-4.166666666666667,1.602081978759722,0.9082245810813888,0.42481956403553034,Paired t-test,-6.370589892970321,0.0014095562508656609,-3.17591703547721,Hedges' g,0.001851851851851852,SIGNIFICANT,,
accuracy_support,ChatGPT vs Custom,1.1666666666666667,0.408248290463863,,,-4.0,1.5491933384829668,0.9129061803150095,0.45578992202174207,Paired t-test,-6.324555320336758,0.0014565817942910077,-3.1135281163138826,Hedges' g,0.001851851851851852,SIGNIFICANT,5.166666666666667,1.4719601443879746
accuracy_support,Math2Visual vs Custom,,,5.333333333333333,1.505545305418162,0.16666666666666666,2.48327740429189,0.9566856934922514,0.7938682484891272,Paired t-test,0.1643989873053573,0.8758564107737385,0.09411627926814484,Hedges' g,0.001851851851851852,NOT significant,5.166666666666667,1.4719601443879746
educational_value,ChatGPT vs Math2Visual,1.1666666666666667,0.408248290463863,5.666666666666667,1.2110601416389966,-4.5,1.0488088481701516,0.9600447730839174,0.8200856126819467,Paired t-test,-10.509735746180562,0.000134621423808123,-4.186550115658548,Hedges' g,0.001851851851851852,SIGNIFICANT,,
educational_value,ChatGPT vs Custom,1.1666666666666667,0.408248290463863,,,-4.166666666666667,1.4719601443879744,0.958012063580149,0.804296016894605,Paired t-test,-6.933752452815364,0.0009577234011264238,-3.876435292276433,Hedges' g,0.001851851851851852,SIGNIFICANT,5.333333333333333,1.2110601416389966
educational_value,Math2Visual vs Custom,,,5.666666666666667,1.2110601416389966,0.3333333333333333,2.250925735484551,0.8419654011654295,0.13533339813864986,Paired t-test,0.3627381250550058,0.7316297112751653,0.23140845874146204,Hedges' g,0.001851851851851852,NOT significant,5.333333333333333,1.2110601416389966
future_use,ChatGPT vs Math2Visual,1.0,0.0,5.166666666666667,1.1690451944500122,-4.166666666666667,1.1690451944500122,0.9075785338899113,0.42065852920262603,Paired t-test,-8.730378697119729,0.0003265488187970369,-4.237782376187982,Hedges' g,0.001851851851851852,SIGNIFICANT,,
future_use,ChatGPT vs Custom,1.0,0.0,,,-5.0,1.0954451150103321,0.6826765569390286,0.004039328512451689,Wilcoxon,0.0,0.03125,-0.8987170342729172,effect size r,0.001851851851851852,NOT significant,6.0,1.0954451150103321
future_use,Math2Visual vs Custom,,,5.166666666666667,1.1690451944500122,-0.8333333333333334,2.136976056643281,0.8924715841858051,0.3313409642945848,Paired t-test,-0.9552008998760877,0.38334333083069944,-0.6184651207228303,Hedges' g,0.001851851851851852,NOT significant,6.0,1.0954451150103321
completion_time_seconds,ChatGPT vs Math2Visual,277.41333333333336,81.42910709977524,294.7465,103.66852616826382,-17.33316666666667,114.2366492548108,0.8539749714564429,0.16943394732064476,Paired t-test,-0.37166193368686634,0.725374484091579,-0.15633669411563444,Hedges' g,0.001851851851851852,NOT significant,,
completion_time_seconds,ChatGPT vs Custom,277.41333333333336,81.42910709977524,,,115.27816666666666,175.18863429048892,0.8271658216794306,0.10169033377727821,Paired t-test,1.61182081223736,0.1679183303710819,0.7957208828658784,Hedges' g,0.001851851851851852,NOT significant,162.13516666666666,151.79095073345667
completion_time_seconds,Math2Visual vs Custom,,,294.7465,103.66852616826382,132.6113333333333,142.97476912891543,0.9939915581543102,0.9966457984249304,Paired t-test,2.2719400265924734,0.07226312122947617,0.8577936020698284,Hedges' g,0.001851851851851852,NOT significant,162.13516666666666,151.79095073345667
